,Open,High,Low,Close,Volume
count,2017.0,2017.0,2017.0,2017.0,2017.0
mean,157.9154082967524,159.71961173353048,156.26007328012915,158.09617083109305,89290818.94000992
std,44.48079573389745,44.76610561069425,44.18528036308937,44.50213464383558,55531112.8822762
min,55.27773981437753,55.37953106884565,51.52841196651316,54.378578186035156,23234700.0
25%,129.4666782429754,131.05911183417535,127.88830238079585,129.43934631347656,53522400.0
50%,157.59378043168627,160.21542318351743,156.029812451383,157.82241821289062,74286600.0
75%,188.0131563419714,189.43606854546374,186.4992344123069,188.0330047607422,105158200.0
max,257.56867823862046,259.47408555117545,257.0100282923795,258.39666748046875,426510000.0
