,Open,High,Low,Close,Volume
count,2018.0,2018.0,2018.0,2018.0,2018.0
mean,300.977726626853,303.9409513350496,297.9800674488109,301.1574675197998,28319903.70218038
std,88.39915083756723,88.71339181319148,88.0041704887302,88.42732621101608,12796932.656627284
min,130.90275711102777,134.30408191819546,126.61290874487847,129.3835906982422,7164500.0
25%,233.08732982246542,235.86264899221197,230.96190390496787,234.10793685913086,20163350.0
50%,285.6003743785292,287.5673852582927,282.3478187575721,285.7135925292969,24990900.0
75%,386.3432443660338,391.14192132938837,382.5670243924303,387.76810455322266,32845700.0
max,503.04998779296875,506.7799987792969,499.739990234375,504.4303894042969,97012700.0
