,Open,High,Low,Close,Volume
count,2018.0,2018.0,2018.0,2018.0,2018.0
mean,300.9777264592669,303.94095115940246,297.9800548719354,301.1569170956569,28323628.047571853
std,88.39915095834202,88.71339194073927,88.00414241872726,88.42606428633427,12792382.29091565
min,130.90272636229017,134.30405037049496,126.61287900381573,129.38363647460938,7164500.0
25%,233.0873121285429,235.86264253154587,230.9618975734574,234.10791397094727,20163350.0
50%,285.6003743785292,287.5673852582927,282.34777311515313,285.71360778808594,24990900.0
75%,386.3432443660338,391.14192132938837,382.5670225038375,387.76810455322266,32845700.0
max,503.04998779296875,506.7799987792969,499.739990234375,503.510009765625,97012700.0
