,Open,High,Low,Close,Volume
count,2018.0,2018.0,2018.0,2018.0,2018.0
mean,300.9777276359582,303.94095236358964,297.9800684430521,301.1573295857909,28319776.83151635
std,88.39915062427968,88.71339160158672,88.00417026612503,88.42700666137873,12797126.161990654
min,130.90269561355254,134.30401882279443,126.612849262753,129.3836212158203,7164500.0
25%,233.08733239493625,235.8626398764804,230.9619176317869,234.10790252685547,20163350.0
50%,285.60035913651467,287.5674618704559,282.34778833562797,285.713623046875,24990900.0
75%,386.3432443660338,391.14192132938837,382.5670225038375,387.76810455322266,32845700.0
max,503.04998779296875,506.7799987792969,499.739990234375,504.1499938964844,97012700.0
