,Open,High,Low,Close,Volume
count,2017.0,2017.0,2017.0,2017.0,2017.0
mean,300.8798127055505,303.84125419065987,297.8809870983533,301.0566876306945,28329512.34506693
std,88.31154885235831,88.62224223350486,87.91333989264861,88.33325855024138,12792822.59673831
min,130.90272636229017,134.30405037049496,126.61287900381573,129.38363647460938,7164500.0
25%,233.04481287972584,235.85938585438927,230.95720418697826,233.98858642578125,20168000.0
50%,285.36977649759285,287.5077289354926,282.1687003845322,285.7028096516927,24990900.0
75%,386.29083932956814,391.07204471614995,382.5352083765787,387.7381896972656,32845700.0
max,503.04998779296875,506.7799987792969,499.739990234375,503.510009765625,97012700.0
