,Open,High,Low,Close,Volume
count,2017.0,2017.0,2017.0,2017.0,2017.0
mean,300.87981175438733,303.841253222571,297.8809861581724,301.056721367219,28326191.674268715
std,88.3115488752038,88.62224224863007,87.91333988409161,88.3333373111055,12796759.192826573
min,130.90275711102777,134.30408191819546,126.61290874487847,129.3835906982422,7164500.0
25%,233.04479786716809,235.85940145666098,230.95718926754077,233.9886016845703,20168000.0
50%,285.3698371337334,287.5077289354926,282.1685786207332,285.7028503417969,24990900.0
75%,386.29083932956814,391.07204471614995,382.53526139648835,387.7381896972656,32845700.0
max,503.04998779296875,506.7799987792969,499.739990234375,503.510009765625,97012700.0
