,Open,High,Low,Close,Volume
count,2018.0,2018.0,2018.0,2018.0,2018.0
mean,300.97772613639006,303.9409508363028,297.9800669591242,301.1571695008292,28321010.33151635
std,88.39915122639995,88.71339220906471,88.00417088409765,88.42664334875306,12795352.32413445
min,130.90271098792135,134.3040345966447,126.61286413328438,129.3835906982422,7164500.0
25%,233.08732853512097,235.8626398764804,230.961928821365,234.10789108276367,20163350.0
50%,285.6003743232096,287.5674311676082,282.3478187575721,285.7135772705078,24990900.0
75%,386.3432443660338,391.14192132938837,382.5670243924303,387.76810455322266,32845700.0
max,503.04998779296875,506.7799987792969,499.739990234375,503.8299865722656,97012700.0
