,Open,High,Low,Close,Volume
count,2017.0,2017.0,2017.0,2017.0,2017.0
mean,300.8798135103696,303.8412550007941,297.8809879082806,301.0566884439418,28329512.34506693
std,88.31154856299102,88.62224193306515,87.9133396322433,88.33325827161327,12792822.59673831
min,130.90272636229017,134.30405037049496,126.61287900381573,129.38360595703125,7164500.0
25%,233.04479786716809,235.85940145666098,230.95720418697826,233.98858642578125,20168000.0
50%,285.36977649759285,287.50775963834025,282.1686699435824,285.7028503417969,24990900.0
75%,386.29083932956814,391.07204471614995,382.53520082220757,387.7381896972656,32845700.0
max,503.04998779296875,506.7799987792969,499.739990234375,503.510009765625,97012700.0
