,Open,High,Low,Close,Volume
count,2018.0,2018.0,2018.0,2018.0,2018.0
mean,157.94150316417662,159.7455831132278,156.28658952160364,158.12231735289984,89273552.5272547
std,44.485215323270936,44.77021114927303,44.1903824275346,44.506597543277266,55521460.26046115
min,55.277747569925765,55.37953883867535,51.52841919602518,54.37858581542969,23234700.0
25%,129.46821532766853,131.07361539246537,127.91178449934634,129.44732284545898,53522400.0
50%,157.66877916166982,160.22364017508306,156.04958390899253,157.83715057373047,74278800.0
75%,188.0633087958047,189.48570326288143,186.57608128399863,188.0478973388672,105158200.0
max,257.56867823862046,259.47408555117545,257.0100282923795,258.39666748046875,426510000.0
