,Open,High,Low,Close,Volume
count,2017.0,2017.0,2017.0,2017.0,2017.0
mean,157.91541058865016,159.7196115536766,156.26002848415416,158.0960219179455,89298097.47149232
std,44.48079846978326,44.7661054338766,44.185225814187575,44.501952349990795,55524274.49960708
min,55.277747569925765,55.37953883867535,51.52841919602518,54.37858581542969,23234700.0
25%,129.46670905819494,131.05911183417535,127.88830238079585,129.4393310546875,53522400.0
50%,157.59379629154282,160.21543879278465,156.029812451383,157.82242329915366,74286600.0
75%,188.0131563419714,189.43607876778907,186.49922681216128,188.0330047607422,105158200.0
max,257.56867823862046,259.47408555117545,257.0100282923795,258.39666748046875,426510000.0
