,Open,High,Low,Close,Volume
count,2017.0,2017.0,2017.0,2017.0,2017.0
mean,157.9154109755043,159.71961194039918,156.26002886106468,158.09602229620006,89298097.47149232
std,44.480798655101324,44.766105603322885,44.18522597760924,44.50195250163802,55524274.49960708
min,55.27774369215165,55.379534953760505,51.52841558126917,54.37858200073242,23234700.0
25%,129.4666782429754,131.05908080542864,127.88828722259836,129.43936157226562,53522400.0
50%,157.59378043168627,160.21539196498296,156.02979719452793,157.82238260904947,74286600.0
75%,188.0131563419714,189.43606854546374,186.4992419576455,188.0330047607422,105158200.0
max,257.56867823862046,259.47408555117545,257.0100282923795,258.39666748046875,426510000.0
