,Open,High,Low,Close,Volume
count,2017.0,2017.0,2017.0,2017.0,2017.0
mean,157.91541132263598,159.7196122919784,156.26002921085333,158.09602264608554,89298097.47149232
std,44.48079846657221,44.76610541520431,44.18522580855182,44.5019523193335,55524274.49960708
min,55.27775144769988,55.37954272359019,51.52842281078119,54.37858963012695,23234700.0
25%,129.4666628353656,131.05911183417535,127.88828722259836,129.43934631347656,53522400.0
50%,157.59379629154282,160.2154075742502,156.029812451383,157.8224131266276,74286600.0
75%,188.0131563419714,189.43605321329173,186.4992495577911,188.03302001953125,105158200.0
max,257.56867823862046,259.47408555117545,257.0100282923795,258.39666748046875,426510000.0
