,Open,High,Low,Close,Volume
count,2018.0,2018.0,2018.0,2018.0,2018.0
mean,157.94150278457283,159.74558272250263,156.28658914941528,158.12231696160035,89273552.5272547
std,44.48521599355931,44.7702118206977,44.190383093356985,44.50659819766463,55521460.26046115
min,55.27774369215165,55.379534953760505,51.52841558126917,54.37858200073242,23234700.0
25%,129.46819998445812,131.07362314036658,127.91176562975257,129.44734573364258,53522400.0
50%,157.66876330181327,160.22365578435029,156.04959165071517,157.837158203125,74278800.0
75%,188.0633126321762,189.48569688319643,186.57608222716595,188.04790115356445,105158200.0
max,257.56867823862046,259.47408555117545,257.0100282923795,258.39666748046875,426510000.0
