,Open,High,Low,Close,Volume
count,2018.0,2018.0,2018.0,2018.0,2018.0
mean,157.9415001943682,159.74558261802835,156.28658903851382,158.12234163426078,89263635.23785926
std,44.485212408784605,44.770211165591746,44.19038243733493,44.5066270940099,55532092.045734726
min,55.277747569925765,55.37953883867535,51.52841919602518,54.37858581542969,19753310.0
25%,129.46822691677556,131.07362702824537,127.91175801157729,129.44733047485352,53522400.0
50%,157.66877076976124,160.22364797971667,156.0495991658476,157.83716837565106,74278800.0
75%,188.0633126321762,189.48570454034308,186.5760765407585,188.04790496826172,105158200.0
max,257.56867823862046,259.47408555117545,257.0100282923795,258.39666748046875,426510000.0
