,Open,High,Low,Close,Volume
count,2018.0,2018.0,2018.0,2018.0,2018.0
mean,157.94150037380663,159.74558280228857,156.28658921404698,158.1223021224658,89266007.1010902
std,44.48521263806579,44.77021140495113,44.19038266743826,44.50658000030042,55529232.1919894
min,55.277747569925765,55.37953883867535,51.52841919602518,54.37858581542969,23234700.0
25%,129.46821536106822,131.07363091612416,127.91176938022541,129.44733047485352,53522400.0
50%,157.66878616763748,160.22364806155446,156.04956876543255,157.83714548746747,74278800.0
75%,188.0633126321762,189.48569815147812,186.57608128399863,188.04790115356445,105158200.0
max,257.56867823862046,259.47408555117545,257.0100282923795,258.39666748046875,426510000.0
