,Open,High,Low,Close,Volume
count,2017.0,2017.0,2017.0,2017.0,2017.0
mean,124.3562038847182,125.82005853713638,123.03998406165664,124.46135604718444,27574388.745661873
std,35.40720217340234,35.68117863455561,35.09890575693204,35.367626897859026,13136127.085048353
min,52.51335331278991,53.249475323884525,50.37734577436497,52.51881790161133,6809800.0
25%,96.62565028024595,98.41947665778702,95.32339338787118,96.56931813557942,18821500.0
50%,125.85191807715903,126.82115929693462,124.906034840143,125.9215087890625,24440000.0
75%,147.6765187173546,149.12856120157483,146.31709649496577,147.79649353027344,32252000.0
max,204.02204403120282,208.21222477597146,203.7825994771977,207.22454833984375,97798600.0
