,Open,High,Low,Close,Volume
count,2017.0,2017.0,2017.0,2017.0,2017.0
mean,124.35625833162186,125.82005845004431,123.03998892686354,124.4613837240708,27570406.10560238
std,35.407282663710276,35.68117843001962,35.0989129930516,35.36766931865518,13138207.305197058
min,52.51334963822222,53.249475323884525,50.37734577436497,52.51881790161133,6809800.0
25%,96.62564843633125,98.41948434916766,95.32338578701261,96.56931050618489,18821500.0
50%,125.85191052590183,126.82115415604535,124.90604244626195,125.92149353027344,24438900.0
75%,147.67651855236983,149.12854570467462,146.31709632809964,147.79647827148438,32252000.0
max,204.02204403120282,208.21222477597146,203.7825994771977,207.22454833984375,97798600.0
