,Open,High,Low,Close,Volume
count,2018.0,2018.0,2018.0,2018.0,2018.0
mean,124.38265731742908,125.84819984559178,123.06699087129742,124.4896676769578,27570813.897423193
std,35.41836556861633,35.69472603466546,35.111170811431094,35.38172462967956,13133854.255607493
min,52.51335331278991,53.249479191652995,50.37734943351669,52.518821716308594,6809800.0
25%,96.63061453914173,98.42167752555231,95.32835683555734,96.57097307840982,18825625.0
50%,125.901622449354,126.90316511581062,125.01153510595037,125.95405578613281,24439450.0
75%,147.75729308127052,149.16607246049148,146.3194602542606,147.8001937866211,32252000.0
max,204.02204403120282,208.21222477597146,203.7825994771977,207.22454833984375,97798600.0
