,Open,High,Low,Close,Volume
count,2017.0,2017.0,2017.0,2017.0,2017.0
mean,124.35620367582301,125.82005833171769,123.03998385521318,124.46135584292698,27574388.745661873
std,35.40720189693303,35.68117837219274,35.098905481710375,35.36762663518265,13136127.085048353
min,52.51334963822222,53.249479191652995,50.37734943351669,52.518821716308594,6809800.0
25%,96.62564076986686,98.41947283347771,95.32337818615405,96.56931050618489,18821500.0
50%,125.85191052590183,126.82114901515608,124.90604244626195,125.92150115966797,24440000.0
75%,147.67653370868499,149.12856120157483,146.31711134489672,147.79647827148438,32252000.0
max,204.02204403120282,208.21222477597146,203.7825994771977,207.22454833984375,97798600.0
