,Open,High,Low,Close,Volume
count,2017.0,2017.0,2017.0,2017.0,2017.0
mean,124.3562035278908,125.82005817985821,123.03998370815552,124.46135568973388,27574388.745661873
std,35.407202023204356,35.68117849573061,35.09890560966158,35.36762675062642,13136127.085048353
min,52.51335331278991,53.249479191652995,50.37734943351669,52.518821716308594,6809800.0
25%,96.62564257554855,98.41947665778702,95.32338578701261,96.5693130493164,18821500.0
50%,125.85191052590183,126.82115415604535,124.906034840143,125.9215087890625,24440000.0
75%,147.67651855236983,149.12856120157483,146.31709632809964,147.79647827148438,32252000.0
max,204.02204403120282,208.21222477597146,203.7825994771977,207.22454833984375,97798600.0
