,Open,High,Low,Close,Volume
count,2018.0,2018.0,2018.0,2018.0,2018.0
mean,124.38265766592808,125.8480458872772,123.0669912168476,124.49001668678639,27569076.6432111
std,35.418365492831995,35.69448112638211,35.11117074092504,35.38229103116554,13135038.175182754
min,52.51335331278991,53.249479191652995,50.37734943351669,52.518821716308594,6809800.0
25%,96.63061453914173,98.42167561341921,95.32835867816226,96.57096862792969,18821500.0
50%,125.90161855347989,126.90316511581062,125.0115351368045,125.95406341552734,24439450.0
75%,147.75730200924949,149.166076302997,146.31945019016055,147.80018997192383,32252000.0
max,204.02204403120282,208.21222477597146,203.7825994771977,207.22454833984375,97798600.0
