,Open,High,Low,Close,Volume
count,2018.0,2018.0,2018.0,2018.0,2018.0
mean,124.38274180477467,125.84820009711515,123.06699136768646,124.48952669383749,27572600.74331021
std,35.41849237442028,35.69472567070612,35.111170850363926,35.38149678475565,13133116.302783726
min,52.51335331278991,53.249483059421465,50.377353092668415,52.51882553100586,6809800.0
25%,96.63061131748438,98.42167689126077,95.32835297751834,96.57097053527832,18825625.0
50%,125.90161855347989,126.90316511581062,125.0115351368045,125.95405578613281,24439450.0
75%,147.75730452155327,149.16608781752723,146.31946400845987,147.80020141601562,32252000.0
max,204.02204403120282,208.21222477597146,203.7825994771977,207.22454833984375,97798600.0
